time_bucket,users_remaining_percent
0-2,100.0
2-5,113.09523809523809
5-10,115.47619047619047
10-20,117.85714285714286
20+,120.23809523809523
